Код группы;Группа;ЭталоннаяПозицияКод;ЭталоннаяПозиция;Код;Номенклатура;ТипПозиции;ПометкаУдаления
;;32823;Водонагреватель THERMEX;271508;Водонагреватель  THERMEX;Дублирующая позиция;Да
253123;Неликвиды;56188;Барабан тормозной 138.10-3341-021;253195;Барабан тормозной 138.10-3341-021;Дублирующая позиция;Да
44518;!SAP-ZAPC;238252;Шпилька передней ступицы 20/1,5;237585;Шпилька передней ступицы 20/1,5;Дублирующая позиция;Да
44518;!SAP-ZAPC;45199;Опора двигателя616 240 00 17;45255;Подушка двигателя 616 240 00 17 (6-2);Дублирующая позиция;Да
44518;!SAP-ZAPC;99517;Крестовина рулевого кардана МАЗ;46632;Крестовина рул.кардана 6430-3444063 МАЗ;Дублирующая позиция;Да
44518;!SAP-ZAPC;91979;Втулка шкворня кулака (сталь) ЛИАЗ;47745;ВТУЛКА 5256-3001027;Дублирующая позиция;Да
44518;!SAP-ZAPC;99517;Крестовина рулевого кардана МАЗ;47855;КРЕСТОВИНА КАРДАНА РУЛЯ 6430-3444063;Дублирующая позиция;Да
44518;!SAP-ZAPC;98548;Указатель поворота передний;48285;Указатель поворота УП-115-3726010-В;Дублирующая позиция;Да
44518;!SAP-ZAPC;83564;Подшипник конический МАЗ;48735;Подшипник 2007109;Дублирующая позиция;Да
44518;!SAP-ZAPC;91979;Втулка шкворня кулака (сталь) ЛИАЗ;49572;Втул.распор.стал.шквор.5256-3001027 ЛиАЗ;Дублирующая позиция;Да
44518;!SAP-ZAPC;83575;Фара головная;55106;"Фара 341,3711 ""Маз""";Дублирующая позиция;Да
44518;!SAP-ZAPC;83575;Фара головная;59665;Фара 341.3711.Бел;Дублирующая позиция;Да
44518;!SAP-ZAPC;237395;Датчик 19.3722 1А температура 103 С;62482;Датчик отопителя 19,3722;Дублирующая позиция;Да
44518;!SAP-ZAPC;97009;Фонарь задний в сборе;64382;Фонарь задний в сб. 7462.3716.000-06 МАЗ;Дублирующая позиция;Да
44518;!SAP-ZAPC;48574;Подшипник конический;64497;Подшипник 208, 180208,7208;Дублирующая позиция;Да
44518;!SAP-ZAPC;85647;Вал карданный рулевой МАЗ;65860;Вал кард.рулев.(нижний) 103-3444062 МАЗ;Дублирующая позиция;Да
44518;!SAP-ZAPC;91979;Втулка шкворня кулака (сталь) ЛИАЗ;66853;ВТУЛКА ПОВ.КУЛ.5256-3001027;Дублирующая позиция;Да
44518;!SAP-ZAPC;91940;Втулка реактивной штанги (металлическая) ЛИАЗ;66863;Втул.реакт.штанги(мет.)5256-2919034 ЛиАЗ;Дублирующая позиция;Да
44518;!SAP-ZAPC;83575;Фара головная;69555;Фара головная 341.3711 МАЗ-103,107;Дублирующая позиция;Да
44518;!SAP-ZAPC;90617;Щетка стеклоочистителя ТУ 37.453.061-83;69571;Щетка стеклоочис.(70см)3706-5205900 ЛиАЗ;Дублирующая позиция;Да
44518;!SAP-ZAPC;95001;Болт;70674;Болт  54321-3104050 МАЗ;Дублирующая позиция;Да
44518;!SAP-ZAPC;88134;Рычаг регулировочный;70725;Рычаг тор.мел.щлиц,пр.103-3501136-10 МАЗ;Дублирующая позиция;Да
44518;!SAP-ZAPC;237983;Стекло ветровое МАС-Т.082.000;71701;Стекло заднее МАС-Т.082.000;Дублирующая позиция;Да
44518;!SAP-ZAPC;69704;Фонарь габаритный задний красный;71992;Фонарь габар.зад. 541.3731  Волжанин;Дублирующая позиция;Да
44518;!SAP-ZAPC;83854;Плафон освещения пространства у двери;72018;Плафон освещен.дверн.простран. 3012.3714;Дублирующая позиция;Да
44518;!SAP-ZAPC;74129;"Стекло боковое около ветрового 	МАС - Т.083.000-02/03";72019;Стекло боковое МАС-Т.083.000-02;Дублирующая позиция;Да
44518;!SAP-ZAPC;88138;Подшипник кулака передний;72080;Подшипник кулака 103-3502018-10 МАЗ;Дублирующая позиция;Да
44518;!SAP-ZAPC;98548;Указатель поворота передний;73424;Фонарь повор.пер.УП-115-3726010В ЛиАЗ;Дублирующая позиция;Да
44518;!SAP-ZAPC;238040;"Стекло боковое (сабля) правое	5265-5206020";73757;Стекло боковое 5265-5206020;Дублирующая позиция;Да
44518;!SAP-ZAPC;238040;"Стекло боковое (сабля) правое	5265-5206020";74192;Стекло бок. Тролза 5265-5206020;Дублирующая позиция;Да
44518;!SAP-ZAPC;91979;Втулка шкворня кулака (сталь) ЛИАЗ;74643;Втулка распор. шкворня ЛиАЗ 5256-3001027;Дублирующая позиция;Да
44518;!SAP-ZAPC;97206;Датчик Температуры Всасываемого Водуха Ман;74669;Датчик темпер.MAN 81.27421-0209 Л-6213;Дублирующая позиция;Да
44518;!SAP-ZAPC;87149;Шкворень поворотного кулака;74863;Шкворень пер.моста ZF 4474 385 019 Л5292;Дублирующая позиция;Да
44518;!SAP-ZAPC;83587;Фонарь передний указатель поворота;75611;Фонарь указ.пов.св/диод.ПФ-130А 511.3712;Дублирующая позиция;Да
44518;!SAP-ZAPC;216062;Камера тормозная переднего моста;75934;Камера торм.пер.моста  0501324075 Л-5292;Дублирующая позиция;Да
44518;!SAP-ZAPC;83368;Фонарь передний габаритный огонь;76259;Фонарь габ.св/диод. 78.3731 Л-5292,6213;Дублирующая позиция;Да
44518;!SAP-ZAPC;98561;Фонарь отражатель красный;76516;Катафот светов.ФП-312-3731100 Л-5292/621;Дублирующая позиция;Да
44518;!SAP-ZAPC;221036;Полуось заднего моста ЛИАЗ ZF;77176;Полуось задн.моста ZF 4474 335 142 ЛиАЗ;Дублирующая позиция;Да
44518;!SAP-ZAPC;85257;Стекло заднее рейсоуказателя;77200;Стекло р/ук.зад.470х220 101-5415092 МАЗ;Дублирующая позиция;Да
44518;!SAP-ZAPC;99233;Датчик давления масла 6BAR MDS1.2 EMV;77468;Датчик давления MAN 51.27421-0262 ЛиАЗ;Дублирующая позиция;Да
44518;!SAP-ZAPC;91047;Подшипник коренной нормально;79320;Подшипн.корен.MAN 51.01113-6088 Л-5292;Дублирующая позиция;Да
44518;!SAP-ZAPC;91076;Подшипник Шатуна;79323;Подшипн.шатуна MAN 51.02410-6679  Л-5292;Дублирующая позиция;Да
44518;!SAP-ZAPC;99181;Проводка Нагнетательная Предварительно;79553;Проводка нагнет.51.10301-6009 MAN;Дублирующая позиция;Да
44518;!SAP-ZAPC;97413;Фитинг угловой;79729;Фитинг угловой 9502 6-М16х1,5;Дублирующая позиция;Да
44518;!SAP-ZAPC;91139;Корпус фильтра масляного ЛиАЗ дв. МАН D0836LOH02-04;79913;База масл.ф-ра и радиат.MAN 51055036106;Дублирующая позиция;Да
44518;!SAP-ZAPC;99365;Термостат МАЗ, Волжанин 5270,дв.DEUTZ;80100;Термостат 65110080 Deutz МАЗ,Волжанин;Дублирующая позиция;Да
44518;!SAP-ZAPC;85003;Втулка реактивной штанги (ушастик) МАЗ;81099;Втулка реакт.штанги уш.101-2909040-01МАЗ;Дублирующая позиция;Да
44518;!SAP-ZAPC;81844;Панель заднего люка;81407;Панель люка отсека компресс.5265-5613060;Дублирующая позиция;Да
44518;!SAP-ZAPC;99349;Поршень, кольца ,палец МАЗ, Волжанин 527;81811;Порш.,кольца.,палец 04501351 МАЗ,Волжан.;Дублирующая позиция;Да
44518;!SAP-ZAPC;82505;Стеклопакет верхний 5265-5403510-10;81885;Стекл.бок.390х1290,тон.5265-5403510-10;Дублирующая позиция;Да
44518;!SAP-ZAPC;99122;Уплотнение картера рулевого механизма;81916;Уплотн.картера рул.мех.MAN 51.01903-0322;Дублирующая позиция;Да
44518;!SAP-ZAPC;91878;Патрубок угловой, переходной;81944;Патруб.угл.16х25 5256.25-8120028;Дублирующая позиция;Да
44518;!SAP-ZAPC;97400;Фитинг тройной;82157;Фитинг 9422 12-М16х1,5;Дублирующая позиция;Да
44518;!SAP-ZAPC;91202;Гидронасос, охлаждение A10VO;82201;Гидронасос MAN 51.06650-7012;Дублирующая позиция;Да
44518;!SAP-ZAPC;85166;Стекло подвижное  водителя 101-5403052;82501;Стекло вод. АКСМ3121/БКМ321 101-5403052;Дублирующая позиция;Да
44518;!SAP-ZAPC;71280;Фонарь освещения номерного знака;82723;Фонарь освещения номерного знака;Дублирующая позиция;Да
44518;!SAP-ZAPC;77516;Фонарь контурный;83362;Фонарь контурный;Дублирующая позиция;Да
44518;!SAP-ZAPC;69684;Фонарь заднего хода;83586;Фонарь заднего хода (белый);Дублирующая позиция;Да
44518;!SAP-ZAPC;71542;Фонарь боковой повторитель указателей поворота;83607;Боковой повторитель поворотов;Дублирующая позиция;Да
44518;!SAP-ZAPC;250738;Стекло  ветровое 103-5206010;85760;Стекло ветровое, 1200x1070 мм;Дублирующая позиция;Да
44518;!SAP-ZAPC;250737;Стекло  ветровое водительское 103-5206011;85761;Стекло ветровое, 1200x1070 мм;Дублирующая позиция;Да
44518;!SAP-ZAPC;73079;Фара противотуманная;86501;Противотуманная фара;Дублирующая позиция;Да
44518;!SAP-ZAPC;87533;Фитинг тройной;87534;Корпус Т-образный;Дублирующая позиция;Да
44518;!SAP-ZAPC;87533;Фитинг тройной;87535;Корпус Т-образный;Дублирующая позиция;Да
44518;!SAP-ZAPC;75398;Фонарь передний верхний;88445;Подфарник со светоотраж.устройством;Дублирующая позиция;Да
44518;!SAP-ZAPC;70464;Фонарь задний габаритный со светоотражающим устройством;88446;Фонарь задн.габар.со светоотраж.устр.;Дублирующая позиция;Да
44518;!SAP-ZAPC;64469;Подшипник роликовый углового редуктора МАЗ;90322;Подшипнико роликовый радиально-упорный;Дублирующая позиция;Да
44518;!SAP-ZAPC;90678;Патрубок угловой;90685;Патрубок;Дублирующая позиция;Да
44518;!SAP-ZAPC;91878;Патрубок угловой, переходной;91883;Патрубок с клапаном;Дублирующая позиция;Да
44518;!SAP-ZAPC;73079;Фара противотуманная;93829;Фара противотуманная передняя244.3743010;Дублирующая позиция;Да
44518;!SAP-ZAPC;77513;Стекло маршрутоуказателя;94478;Стекло  маршрутоуказателя;Дублирующая позиция;Да
44518;!SAP-ZAPC;268290;Лампа PY21W;97357;Лампа PY21W;Дублирующая позиция;Да
44518;!SAP-ZAPC;97403;Фитинг прямой;97404;Переходник;Дублирующая позиция;Да
44518;!SAP-ZAPC;97413;Фитинг угловой;97412;Соединение угловое;Дублирующая позиция;Да
44518;!SAP-ZAPC;97413;Фитинг угловой;97415;Соединение угловое;Дублирующая позиция;Да
44518;!SAP-ZAPC;79117;Фитинг угловой;97421;Соединение угловое;Дублирующая позиция;Да
44518;!SAP-ZAPC;97418;Фитинг угловой 9502 8-М12х1,5;97422;Соединение угловое;Дублирующая позиция;Нет
44518;!SAP-ZAPC;79319;Фитинг прямой;97432;Соединение прямое;Дублирующая позиция;Да
44518;!SAP-ZAPC;87533;Фитинг тройной;97536;Корпус Т-образный;Дублирующая позиция;Да
44518;!SAP-ZAPC;87533;Фитинг тройной;97537;Корпус Т-образный;Дублирующая позиция;Да
44518;!SAP-ZAPC;275931;Трубка полиэстерная;97604;Труба полиэстерная материал HYTREL;Дублирующая позиция;Да
44518;!SAP-ZAPC;275932;Трубка полиэстерная;97606;Трубка полиэстерная, HYTREL, цвет чёрный;Дублирующая позиция;Да
44518;!SAP-ZAPC;87499;Клапан слива конденсата;97871;Клапан слива конденсата;Дублирующая позиция;Да
44518;!SAP-ZAPC;238038;Стекло боковое левое 5265-5403470;98747;Стекло бок.лев.Тролза 6206 Мегаполис;Дублирующая позиция;Да
44518;!SAP-ZAPC;88588;Фара противот;235502;Фара противотуманная;Дублирующая позиция;Да
44518;!SAP-ZAPC;74139;Трос ручного тормоза задний;236760;Трос ручного тормоза задний Фиат;Дублирующая позиция;Нет
44518;!SAP-ZAPC;241730;Техпластина резинотканевая;235565;Техпластина резинотканевая;Дублирующая позиция;Да
103670;!SAP-ZGSM;104284;"Смазка ""Литол 24""";104482;СМАЗКА ЛИТОЛ 24;Дублирующая позиция;Да
232232;!ZAPC;85185;Стекло боковое  101-5403103;250729;Стекло МАЗ-103,  боковое под форточкой  (7 лев) бронза;Дублирующая позиция;Да
232232;!ZAPC;88447;Фонарь указатель поворота боковой дополнительный;235517;Указатель поворота боковой дополнительный;Дублирующая позиция;Да
232232;!ZAPC;236718;Рассеиватель широкий желтый;57716;Расс.указ.повор.шир.УП-115-204 желт.ЛиАЗ;Дублирующая позиция;Да
232232;!ZAPC;83871;Фонарь светоотражатель красный;64053;Световозвращатель 3212.3731 МАЗ;Дублирующая позиция;Да
232232;!ZAPC;184176;Выключатель концевой 15.3720;66869;ВЫКЛЮЧАТЕЛЬ КОНЦЕВОЙ 15.3720;Дублирующая позиция;Да
232232;!ZAPC;84933;Клапан двухмагистральный ЛиАЗ;67047;Клапан двухмагистральный;Дублирующая позиция;Нет
232232;!ZAPC;83584;Фонарь задний указателя поворота;68494;Фонарь указ.повор. 471.3776  ЛиАЗ-5292;Дублирующая позиция;Да
232232;!ZAPC;83854;Плафон освещения пространства у двери;68747;Фонарь освещ.вх.двери 3012.3714 Л-5256;Дублирующая позиция;Да
232232;!ZAPC;83541;Фонарь габаритный боковой светодиодный 112.09.82;69097;Фонарь габаритный боковой светодиодный (маркерный);Дублирующая позиция;Да
232232;!ZAPC;85137;Стекло ветровое верхнее 101-5305100;70141;Стекло перед.рейсоуказат.101-5305100 МАЗ;Дублирующая позиция;Да
232232;!ZAPC;250738;Стекло  ветровое 103-5206010;70142;Стекло ветровое правое;Дублирующая позиция;Да
232232;!ZAPC;250737;Стекло  ветровое водительское 103-5206011;70143;Стекло ветровое левое;Дублирующая позиция;Да
232232;!ZAPC;84576;Указатель поворота боковой  допол.;71378;Указат.поворот.бок.в сб. 56.3726010 МАЗ;Дублирующая позиция;Да
232232;!ZAPC;83555;Фара внутренняя правая дальнего света;71662;Фара дальн.света правая 157.3711 Л-5292;Дублирующая позиция;Да
232232;!ZAPC;69685;Фонарь стоп-сигнал;71991;Фонарь сигн.тормож.481.3776;Дублирующая позиция;Да
232232;!ZAPC;85166;Стекло подвижное  водителя 101-5403052;72182;Стекло окна водит.подв.101-5403052 МАЗ;Дублирующая позиция;Да
232232;!ZAPC;94480;Стекло ветровое левое;72442;Стекло ЛиАЗ-5292, ПАЗ-3237, ЛиАЗ 6213 ветровое левое;Дублирующая позиция;Да
232232;!ZAPC;126364;Фильтр масляный;72554;Фильтр масляный сменный;Дублирующая позиция;Да
232232;!ZAPC;77690;Реле освещения и противозажима двери Волжанин;73005;Контроллер KD3.1-V03 ПАЗ,ЛиАЗ;Дублирующая позиция;Да
232232;!ZAPC;186588;Накладка угловая передняя правая ЛиАЗ (нов.обр.);75769;Облицовка передка правая 529221-5301172 ЛиАЗ-5292;Дублирующая позиция;Да
232232;!ZAPC;219621;Облицовка фары ЛиАЗ-5292 левая;77396;Облицовка фары лев.5292-5301077;Дублирующая позиция;Да
232232;!ZAPC;232691;"Стекло боковое	6206-5403359";81872;Стекло боковое (заднее) кабины водителя;Дублирующая позиция;Да
232232;!ZAPC;126364;Фильтр масляный;82537;Фильтр масляный;Дублирующая позиция;Да
232232;!ZAPC;77921;Фильтр топливный сепаратор;82539;Фильтр топливный (сепар);Дублирующая позиция;Да
232232;!ZAPC;69685;Фонарь стоп-сигнал;83585;Фонарь задний ЛиАЗ-5292 красный;Дублирующая позиция;Да
232232;!ZAPC;70682;Фонарь задний верхний контурный огонь (красный);83588;Фонарь габаритный;Дублирующая позиция;Да
232232;!ZAPC;69705;Фонарь передний контурный огонь (белый);83589;Фонарь ПАЗ-3237, ЛиАЗ-5292  габаритный;Дублирующая позиция;Да
232232;!ZAPC;76210;Фонарь повторителя поворота задний верхний;83604;Фонарь повторитель указателя поворотов;Дублирующая позиция;Да
232232;!ZAPC;72779;Головка реактивной штанги левая МАЗ;84998;Наконечник реактивной тяги левый МАЗ;Дублирующая позиция;Да
232232;!ZAPC;85137;Стекло ветровое верхнее 101-5305100;88182;Стекло МАЗ-103, 107 рейсоуказателя перед (до 2008г.в.);Дублирующая позиция;Да
232232;!ZAPC;88588;Фара противот;88589;Фара противотуманная;Дублирующая позиция;Да
232232;!ZAPC;97397;Фитинг тройной;97399;Соединение Т-образное (Фитинг);Дублирующая позиция;Да
232232;!ZAPC;97419;Фитинг угловой;97423;Фитинг угловой;Дублирующая позиция;Да
232232;!ZAPC;275933;Трубка полиэстерная;97601;Трубка полиэстерная;Дублирующая позиция;Да
232232;!ZAPC;77921;Фильтр топливный сепаратор;126372;Фильтр Топливный Сепаратор Лиаз Дв. Ман;Дублирующая позиция;Да
232232;!ZAPC;91979;Втулка шкворня кулака (сталь) ЛИАЗ;184133;Втулка шкворня кулака (сталь) ЛиАЗ;Дублирующая позиция;Да
232232;!ZAPC;223111;Сальник ( ZF мост);189573;Сальник хвостовика ЛиАЗ;Дублирующая позиция;Да
232232;!ZAPC;77645;Стекло ветровое (панорамное);189960;Стекло ЛиАЗ-5292.22 ветрового окна  /панорамное h 1110/;Дублирующая позиция;Да
232232;!ZAPC;48738;Панель центральная с кнопками в сборе;220112;Панель центральная с кнопками в сборе Фиат Дукато;Дублирующая позиция;Да
232232;!ZAPC;83541;Фонарь габаритный боковой светодиодный 112.09.82;277058;Фонарь габаритный боковой светодиодный 112.09.82;Дублирующая позиция;Нет
232232;!ZAPC;250043;Пресс-масленка, угловая 45 градусов, D 10 мм;235346;Пресс-масленка угловая д10-45;Дублирующая позиция;Да
232232;!ZAPC;85166;Стекло подвижное  водителя 101-5403052;250723;Стекло МАЗ окна кабины водителя 750х600 подвижное н.о.;Дублирующая позиция;Да
232232;!ZAPC;85257;Стекло заднее рейсоуказателя;250725;Стекло МАЗ рейсоуказателя заднее;Дублирующая позиция;Да
232236;!ZMAT;253264;Стол рабочий 1600х800х745;263451;Стол рабочий 1600x800x745;Дублирующая позиция;Да
232236;!ZMAT;255463;Костюм ОПЗ х/б (куртка+брюки) женский  Мастерица;263640;Костюм ОПЗ х/б (куртка+брюки) женский  Мастерица;Дублирующая позиция;Да
232236;!ZMAT;172483;Стакан одноразовый;262359;Стакан одноразовый;Дублирующая позиция;Да
232236;!ZMAT;269368;Средство для защиты кожи при выполнении сварочных работ;259108;Средство для защиты кожи при выполнении сварочных работ;Дублирующая позиция;Да
257240;Служба транспортной безопасности;258766;Автомат пит. воды (пурифайер высокой производительности) WLHCS2FW;259354;Автомат питьевой воды - пурифайер WLHCS 2 FW;Дублирующая позиция;Да
6;!SAP-ZMAT;233813;Издание печат. Автомобильный транспорт;233816;Издание печатное Автомобильный транспорт;Дублирующая позиция;Да
6;!SAP-ZMAT;91048;Подшипник коренной нормально;79343;Подшипн.корен.дв.MAN 51.01113-6093 ЛиАЗ;Дублирующая позиция;Да
6;!SAP-ZMAT;24493;Лопата штыковая б/черенка;24492;Лопата штыковая  без черенка;Дублирующая позиция;Да
6;!SAP-ZMAT;7774;Металлолом (т);30846;Металлолом (т);Дублирующая позиция;Да
105391;1С-прочие;56188;Барабан тормозной 138.10-3341-021;212333;Барабан тормозной ЛиАЗ-5292 задний мост RABA;Дублирующая позиция;Да
105391;1С-прочие;85647;Вал карданный рулевой МАЗ;213203;Вал карданный рулевой МАЗ 103 (нижний);Дублирующая позиция;Да
105391;1С-прочие;1051;Веник;213435;Веник;Дублирующая позиция;Да
105391;1С-прочие;184176;Выключатель концевой 15.3720;214459;Выключатель концевой ЛиАЗ-5256/6212;Дублирующая позиция;Да
105391;1С-прочие;66949;ДАТЧИК ТЕМПЕР.ЭЛТРА 142.3828.000 Л-5256;215043;Датчик температуры отопителя Элтра;Дублирующая позиция;Да
105391;1С-прочие;86852;Жгут проводов;215475;Жгут ЗФ;Дублирующая позиция;Да
105391;1С-прочие;91838;Провод массовый стартера;215478;Жгут ЛиАЗ;Дублирующая позиция;Да
105391;1С-прочие;216062;Камера тормозная переднего моста;216061;Камера тормозная ЛиАЗ переднего моста (мост ЗФ);Дублирующая позиция;Да
105391;1С-прочие;216494;Колодки тормозные;216493;Колодки тормозные ЛИАЗ-5292, 6213, Волжанин;Дублирующая позиция;Да
105391;1С-прочие;72498;Лампа 11W/840 2G7 освещения салона;218594;Лампа 24V салонная люминесцентная (холодный белый свет) 2G7;Дублирующая позиция;Да
105391;1С-прочие;77500;Подушка двигателя;220693;"Подушка двигателя Фиат Дукато (передняя левая, правая; задняя)";Дублирующая позиция;Нет
105391;1С-прочие;67586;Подшипник шариковый;220748;Подшипник 6207 компрессора ПАЗ;Дублирующая позиция;Да
105391;1С-прочие;91975;Подшипник поворотного кулака;220905;Подшипник опорный ЛиАЗ;Дублирующая позиция;Да
105391;1С-прочие;56186;полуось;221041;Полуось ЛиАЗ-5292 RABA;Дублирующая позиция;Нет
105391;1С-прочие;77744;Предохранитель пластинчатый на аккумуляторе 125А;221324;Предохранитель пластинчатый на аккумуляторе 125А;Дублирующая позиция;Да
105391;1С-прочие;72288;Рем. комплект суппорта (мост ZF);222163;Р/К Нажим.Пятаки (*);Дублирующая позиция;Да
105391;1С-прочие;91118;Винт Регулировочный M10X1X44;222499;Регулировочный Винт M10X1X44;Дублирующая позиция;Нет
105391;1С-прочие;91118;Винт Регулировочный M10X1X44;222500;Регулировочный Винт M10X1X44;Дублирующая позиция;Нет
105391;1С-прочие;91118;Винт Регулировочный M10X1X44;222501;Регулировочный Винт M10X1X44;Дублирующая позиция;Нет
105391;1С-прочие;94563;Стеклопакет верхний;223514;Стекло 5292-5403691-15СБ(1333х297);Дублирующая позиция;Да
105391;1С-прочие;81423;"Стекло задка 	5275.05-5603473";223621;Стекло задка 5275.05-5603473;Дублирующая позиция;Да
105391;1С-прочие;82612;Окно водителя с форточкой в сборе (с эл. обогревом, с вырезом);223717;Стекло ЛиАЗ-529222 окна водителя с форточкой;Дублирующая позиция;Да
105391;1С-прочие;85185;Стекло боковое  101-5403103;223724;Стекло МАЗ боковое;Дублирующая позиция;Да
105391;1С-прочие;85257;Стекло заднее рейсоуказателя;223751;Стекло МАЗ рейсоуказателя задняя;Дублирующая позиция;Да
105391;1С-прочие;85137;Стекло ветровое верхнее 101-5305100;223752;Стекло МАЗ рейсоуказателя перед;Дублирующая позиция;Да
105391;1С-прочие;250737;Стекло  ветровое водительское 103-5206011;223756;Стекло МАЗ-103 лобовое левое 1105х1268 ВЗ 103-5206011;Дублирующая позиция;Да
105391;1С-прочие;250738;Стекло  ветровое 103-5206010;223757;Стекло МАЗ-103 лобовое правое 1105х1268 ВЗ 103-5206010;Дублирующая позиция;Да
105391;1С-прочие;225073;Уплотнение;225070;Уплотнение Ман;Дублирующая позиция;Нет
105391;1С-прочие;77516;Фонарь контурный;225676;Фонарь автопоезда ЛиАЗ-6212;Дублирующая позиция;Да
105391;1С-прочие;69685;Фонарь стоп-сигнал;225715;Фонарь стоп-сигнала ЛиАЗ 5292,3237, Волжанин;Дублирующая позиция;Да
105391;1С-прочие;228170;Камера тормозная с энергоаккумулятором заднего моста в сборе;228169;Энергоаккумулятор (*);Дублирующая позиция;Да
105391;1С-прочие;228170;Камера тормозная с энергоаккумулятором заднего моста в сборе;228171;Энергоаккумулятор (*);Дублирующая позиция;Да
105395;Материалы;427;Папка годовой отчет;108375;Папка годового отчета;Дублирующая позиция;Нет
105395;Материалы;182915;ЭЛЕКТРОННЫЕ БЕСКОНТАКТНЫЕ ПЛАСТИКОВЫЕ КАРТЫ(БЛАНКИ СЛ. УДОСТОВЕРЕНИЙ);108994;Электронные бесконтактные пластиковые карты (бланки служебных удостоверений);Дублирующая позиция;Да
105421;Материалы СВАРЗ;61262;Амортизатор багажника ЛиАЗ;240635;Упор газовый Н340 моторного люка(600/250);Дублирующая позиция;Да
105421;Материалы СВАРЗ;52866;"Контакт гнездовой ""мама"" 6,3 мм.";244097;Контакт гнездовой с монтажным усиком;Дублирующая позиция;Да
105421;Материалы СВАРЗ;52866;"Контакт гнездовой ""мама"" 6,3 мм.";243853;Клемма электроразъёма мама(АВТОСВЕТ);Дублирующая позиция;Да
106070;Краски;5192;Краска Эмаль ПФ-115 красно-коричн.;118251;Эмаль ПФ-115 красно-коричневая;Дублирующая позиция;Да
106128;Материалы склада 64 (запчасти для ремонта мостов и агрегатов);86884;Поршень 4149 320 024;253797;Поршень 4149 320 024;Дублирующая позиция;Да
106128;Материалы склада 64 (запчасти для ремонта мостов и агрегатов);212520;Болт ZF;119320;Болт 4472335757;Дублирующая позиция;Да
106128;Материалы склада 64 (запчасти для ремонта мостов и агрегатов);216062;Камера тормозная переднего моста;119655;Камера тормозная 3Ф перед.моста ЛиАЗ (мост) 0501324075;Дублирующая позиция;Да
106128;Материалы склада 64 (запчасти для ремонта мостов и агрегатов);228170;Камера тормозная с энергоаккумулятором заднего моста в сборе;119658;Камера тормозная Лиаз(мост ZF)заднего моста Лиаз 0501316050;Дублирующая позиция;Да
106128;Материалы склада 64 (запчасти для ремонта мостов и агрегатов);216494;Колодки тормозные;119728;Колодки тормозные 6213 0501215084;Дублирующая позиция;Да
106128;Материалы склада 64 (запчасти для ремонта мостов и агрегатов);216494;Колодки тормозные;119729;Колодки тормозные ЛИАЗ-5292,6213 Волж. 0501215084;Дублирующая позиция;Да
106128;Материалы склада 64 (запчасти для ремонта мостов и агрегатов);238128;Прокладка клаппаной головки компрессора ЭК-4;120025;Крышка клапана ЭК4,04,013;Дублирующая позиция;Да
106128;Материалы склада 64 (запчасти для ремонта мостов и агрегатов);97865;Пневморессора;120196;Пневмобаллон ЛиАЗ -5256 V1E26a-18-00;Дублирующая позиция;Да
106128;Материалы склада 64 (запчасти для ремонта мостов и агрегатов);72288;Рем. комплект суппорта (мост ZF);120477;Р/к суппорта ЛИАЗ (мост ZF)  0501215060 (пыльник);Дублирующая позиция;Да
106128;Материалы склада 64 (запчасти для ремонта мостов и агрегатов);216062;Камера тормозная переднего моста;120834;Цилиндр 0501 324 075 тормозной;Дублирующая позиция;Да
106128;Материалы склада 64 (запчасти для ремонта мостов и агрегатов);228170;Камера тормозная с энергоаккумулятором заднего моста в сборе;121162;Энергоаккумулятор 0501 316 050;Дублирующая позиция;Да
106133;Болты;26013;Болт 6х12;121289;Болт 6х12;Дублирующая позиция;Нет
106140;Подшипники;48574;Подшипник конический;121637;Подшипник 7208;Дублирующая позиция;Да
106140;Подшипники;55048;Подшипник шарнирный двери;121669;Подшипник ШСП15;Дублирующая позиция;Да
106142;Саморезы;42192;Саморез 4,2х19;121701;Саморез 4,2х19;Дублирующая позиция;Да
106180;Материалы склада 66 (запчасти);74129;"Стекло боковое около ветрового 	МАС - Т.083.000-02/03";251530;Стекло тр. ВМЗ-5298 боковое лев.(сабля) проз.шелког.;Дублирующая позиция;Да
106180;Материалы склада 66 (запчасти);84933;Клапан двухмагистральный ЛиАЗ;235456;Клапан 2-х магистральный;Дублирующая позиция;Нет
106182;Материала склада 66 на 10.02;70925;Изолятор 683В-2112610 Тролза;122899;Изолятор 683В-2112610;Дублирующая позиция;Да
106182;Материала склада 66 на 10.02;81844;Панель заднего люка;123183;Крышка задн.люка 5265-5613060;Дублирующая позиция;Да
106182;Материала склада 66 на 10.02;76876;Отопитель кабины водителя;123373;Отопитель А2 11 243 252 1012 кабины водителя;Дублирующая позиция;Да
106182;Материала склада 66 на 10.02;71542;Фонарь боковой повторитель указателей поворота;123461;Повторитель указат. повор. боков. 24В (641.3726);Дублирующая позиция;Да
106182;Материала склада 66 на 10.02;79327;Подножка 5265-8405122 Мегаполис;123473;Подножка 5265-8405122;Дублирующая позиция;Да
106182;Материала склада 66 на 10.02;250737;Стекло  ветровое водительское 103-5206011;123806;Стекло МАЗ-103 1105х1268 ВЗ лоб.лев.(103-5206011);Дублирующая позиция;Да
106182;Материала склада 66 на 10.02;94559;Стеклопакет окна боковины;123878;Стекло ЛИАЗ брон.750х1060 (5292-5403442-25СБ);Дублирующая позиция;Да
106182;Материала склада 66 на 10.02;58136;"Стекло лобовое (панорама)	5265-5206010";123882;Стекло ветровое 1475х2400;Дублирующая позиция;Да
106182;Материала склада 66 на 10.02;77645;Стекло ветровое (панорамное);123887;Стекло ЛИАЗ ветровое панорам.низк.2826х1286(5292-5206016);Дублирующая позиция;Да
106182;Материала склада 66 на 10.02;77513;Стекло маршрутоуказателя;123942;Стекло ЛИАЗ маршрутоуказателя 228х2058 (5292-5203010);Дублирующая позиция;Да
106182;Материала склада 66 на 10.02;82486;"Стекло боковое	5265-5403468";123967;Стекло тр.Тролза бок.1285х1450 (5265-5403468);Дублирующая позиция;Да
106182;Материала склада 66 на 10.02;238038;Стекло боковое левое 5265-5403470;123971;"Стекло тр.Тролза ""Мегаполис"" боковое лев.(5265-5403470)";Дублирующая позиция;Да
106182;Материала склада 66 на 10.02;81870;Стекло боковое кабины водителя (обогрев) 5265-5403356;123978;Стекло тр.Тролза бок.каб.вод.(5265-5403356);Дублирующая позиция;Да
106182;Материала склада 66 на 10.02;82500;Стекло боковое правое 5265-5403469;123985;Стекло тр.Тролза боковое 1450х1490 (5265-5403469);Дублирующая позиция;Да
106182;Материала склада 66 на 10.02;82502;Стекло подвижное форточного блока водителя 5265-5403444-10;123992;"Стекло тр.Тролза подв.форточного блока вод.""Мегаполис""(5265-5403444-10)";Дублирующая позиция;Да
106182;Материала склада 66 на 10.02;82502;Стекло подвижное форточного блока водителя 5265-5403444-10;123994;Стекло тр.Тролза подвиж.каб.вод.(5265-5403444-10);Дублирующая позиция;Да
106182;Материала склада 66 на 10.02;77970;Стекло лобовое 71-619А;124008;Стекло 71-619К.37.00.033 ветровое;Дублирующая позиция;Да
106182;Материала склада 66 на 10.02;83555;Фара внутренняя правая дальнего света;124170;Фара 156 157 3711 дальний свет 5292;Дублирующая позиция;Да
106182;Материала склада 66 на 10.02;88590;Фара противотуманная;124173;Фара 1NO 010 294 011противотум. с днев. светом;Дублирующая позиция;Да
106182;Материала склада 66 на 10.02;73079;Фара противотуманная;124176;Фара 244.3743010 противотуманная;Дублирующая позиция;Да
106182;Материала склада 66 на 10.02;83541;Фонарь габаритный боковой светодиодный 112.09.82;124251;Фонарь 112 09 82 габар. бок. светодиод.;Дублирующая позиция;Да
106182;Материала склада 66 на 10.02;83368;Фонарь передний габаритный огонь;124284;Фонарь 78 3731 габар. пер. светодиод.;Дублирующая позиция;Да
106182;Материала склада 66 на 10.02;83541;Фонарь габаритный боковой светодиодный 112.09.82;124288;Фонарь габ.боковой 24В 5292,6213 н/о(112.09.82);Дублирующая позиция;Да
106182;Материала склада 66 на 10.02;69684;Фонарь заднего хода;124297;Фонарь заднего хода 5292,3237, Волжанин(491.3776);Дублирующая позиция;Да
106182;Материала склада 66 на 10.02;83584;Фонарь задний указателя поворота;124298;Фонарь задний ЛИАЗ 5292 указателя поворота (471.3776);Дублирующая позиция;Да
106182;Материала склада 66 на 10.02;71542;Фонарь боковой повторитель указателей поворота;124301;Фонарь повторитель поворотов желтый 641 3726;Дублирующая позиция;Да
106182;Материала склада 66 на 10.02;69685;Фонарь стоп-сигнал;124306;Фонарь стоп-сигнал 5292,3237(481-3776);Дублирующая позиция;Да
106182;Материала склада 66 на 10.02;49619;ЭЛЕКТРОДВИГАТЕЛЬ МЭ-237 ЛИАЗ-5256;124430;Электродвигатель отопителя  МЭ-237 24В (211.3780);Дублирующая позиция;Да
106393;Прочее;91240;Охладитель наддув, воздуха;125574;Охладитель наддув. воздуха 51,09500-7153;Дублирующая позиция;Да
106400;Стекло;94480;Стекло ветровое левое;125834;Стекло лобовое(5292-5206015);Дублирующая позиция;Да
106422;Корпуса;119396;Вал ЭК4.02.011 коленчатый в сборе;263809;Корпус ЭК4.01.011 клапанной коробки;Дублирующая позиция;Нет
106469;Фитинги;97413;Фитинг угловой;126544;Фитинг М16х1.5 9502-6 угловой;Дублирующая позиция;Да
106469;Фитинги;79319;Фитинг прямой;126547;Фитинг М16х1.5 9512-8 прямой;Дублирующая позиция;Да
106477;Выключатели;184176;Выключатель концевой 15.3720;126671;Выключатель 15.3720;Дублирующая позиция;Да
106480;Кабель;86852;Жгут проводов;126691;Кабель 4149206098;Дублирующая позиция;Да
106484;Прочии все для электрики;77696;Контроллер ТП 24.01.1 Л-5292;126751;Контроллер ТП 24.01.1;Дублирующая позиция;Да
106484;Прочии все для электрики;78677;"Разъем фонаря 2-контактный ""папа""";126771;Разъём 2х конт.кзад фонорям 282080-1;Дублирующая позиция;Да
106489;Фонари;69685;Фонарь стоп-сигнал;126839;Фонарь стоп-сигнала 5292 Волжанин (481.3776);Дублирующая позиция;Да
106496;Круг;203611;КРУГ 10 СТ 20;126883;Круг 10 ст20;Дублирующая позиция;Да
106508;Материалы склада Сколково;188010;Пресс-масленка, угловая на 120 градусов, D 8 мм;127706;Пресс-масленка 8мм 120градус.;Дублирующая позиция;Да
106508;Материалы склада Сколково;71382;Крес.кар.вала рул.упр.408-2201026-04ЛиАЗ;127824;Крес.кард.вала рул.упр.408-2201026-0;Дублирующая позиция;Да
106508;Материалы склада Сколково;83368;Фонарь передний габаритный огонь;128316;Фонарь габаритный 78,3731;Дублирующая позиция;Да
106508;Материалы склада Сколково;69704;Фонарь габаритный задний красный;229149;Фонарь задн.ЛиАЗ-5292,5256 круглый габарт.крас.541,3731;Дублирующая позиция;Да
106630;Материалы;14613;Песок карьерный;132387;Песок карьерный;Дублирующая позиция;Да
106724;СКЛАД - Артеменко С.Ю._10.1.1;9900;Картридж струйный НР 51645А;143847;Картридж НР 51645А;Дублирующая позиция;Да
106734;Услуги;7774;Металлолом (т);144551;Металлолом;Дублирующая позиция;Да
106757;Топливо;103814;Смазка Шрус-4;146998;3346 Смазка ШРУС-4;Дублирующая позиция;Да
106761;Запчасти;238029;Лампа заднего хода  W16W 12V безцокольная;250433;Лампа заднего хода;Дублирующая позиция;Да
106764;Материалы САБ;7774;Металлолом (т);153179;Металлолом;Дублирующая позиция;Да
106765;Загруженная номенклатура;82571;Аккумулятор 6СТ-74;147390;Аккумулятор;Дублирующая позиция;Да
106765;Загруженная номенклатура;98586;Втулка;147918;Втулка ушка силового цилиндра;Дублирующая позиция;Да
106765;Загруженная номенклатура;243741;Глушитель ГАЗ-33021 33078-1201010;148121;Глушитель Газель;Дублирующая позиция;Да
106765;Загруженная номенклатура;83871;Фонарь светоотражатель красный;148714;Катафот МАЗ,КРАЗ;Дублирующая позиция;Да
106765;Загруженная номенклатура;99517;Крестовина рулевого кардана МАЗ;149253;Крестовина;Дублирующая позиция;Да
106765;Загруженная номенклатура;7774;Металлолом (т);149702;Металлолом;Дублирующая позиция;Да
106765;Загруженная номенклатура;7774;Металлолом (т);149703;Металлолом;Дублирующая позиция;Да
106765;Загруженная номенклатура;70748;Подшипник шариковый компрессора;150462;Подшипник вала перв. Зил -130,5301;Дублирующая позиция;Да
106765;Загруженная номенклатура;53129;Прокладка клапанной крышки 238-1003270;150772;Прокладка крышки клапанной;Дублирующая позиция;Да
106765;Загруженная номенклатура;42187;Паёк сухой;151864;Сухой паек;Дублирующая позиция;Да
106765;Загруженная номенклатура;84576;Указатель поворота боковой  допол.;152168;Указатель (повторитель) поворота-МаЗ;Дублирующая позиция;Да
106765;Загруженная номенклатура;243860;Фильтр воздушный VAG 1K0129620D;152312;Фильтр воздушный;Дублирующая позиция;Да
106765;Загруженная номенклатура;82944;Шайба 24 Т;152681;Шайба гровер 24Т (подкатной);Дублирующая позиция;Да
106765;Загруженная номенклатура;243874;Щётки стеклоочистителя 480-600мм;153064;Щетки стеклоочистителя;Дублирующая позиция;Да
106828;Материалы;14203;Текстолит 4мм;174231;Текстолит 4.0мм;Дублирующая позиция;Да
106856;Служба пути;5192;Краска Эмаль ПФ-115 красно-коричн.;182624;Эмаль ПФ-115 красно-коричневая;Дублирующая позиция;Да
106857;Материалы 1 дист;31931;Молоко;176688;Молоко;Дублирующая позиция;Да
106890;Счет учета 10.01;16361;Губка-стиратель;179594;Губка-стиратель;Дублирующая позиция;Нет
106890;Счет учета 10.01;7774;Металлолом (т);180000;металлолом;Дублирующая позиция;Да
106890;Счет учета 10.01;7774;Металлолом (т);180002;металлолом;Дублирующая позиция;Да
106903;Номенклатура СМТО;237985;Стекло боковое 529801-55(52);277002;"Стекло боковое около ветрового МАС - Т.083.000-02/03	1245х310 	Троллейбус ВМЗ-5298-01 ""Авангард""";Дублирующая позиция;Да
106908;З/части автоб (413);212520;Болт ZF;183501;Болт;Дублирующая позиция;Да
106908;З/части автоб (413);91979;Втулка шкворня кулака (сталь) ЛИАЗ;184128;Втулка шкворня ЛиАЗ 5256-3001027 (СТАЛЬНАЯ)   распорная;Дублирующая позиция;Да
106908;З/части автоб (413);91979;Втулка шкворня кулака (сталь) ЛИАЗ;184129;Втулка шкворня ЛиАЗ 5256-3001027 (СТАЛЬНАЯ)   распорная,;Дублирующая позиция;Да
106908;З/части автоб (413);184176;Выключатель концевой 15.3720;184178;Выключатель концевой ЛиАЗ-5256/6212   15.3720,;Дублирующая позиция;Да
106908;З/части автоб (413);81466;Генератор трехфазный синхронный с электромагнитным возбуждением, со встроенным выпрямителем;184285;Генератор ЛиАЗ 140 А;Дублирующая позиция;Нет
106908;З/части автоб (413);216062;Камера тормозная переднего моста;185016;Камера тормозная ЛиАЗ переднего моста (мост ЗФ);Дублирующая позиция;Да
106908;З/части автоб (413);216494;Колодки тормозные;185323;Колодки тормозные ЛИАЗ-5292, 6213, Волжанин;Дублирующая позиция;Да
106908;З/части автоб (413);77696;Контроллер ТП 24.01.1 Л-5292;185740;Контроллер ЛиАЗ-5292;Дублирующая позиция;Да
106908;З/части автоб (413);99517;Крестовина рулевого кардана МАЗ;185879;Крестовина рулевого кардана МАЗ-103;Дублирующая позиция;Да
106908;З/части автоб (413);81163;Лампа 12Vx55W(Н3);186055;Лампа 12Vx55W(Н3);Дублирующая позиция;Да
106908;З/части автоб (413);250737;Стекло  ветровое водительское 103-5206011;186227;МАЗ Стекло лобовое лев.(1200х1070) МАЗ 103-5206011;Дублирующая позиция;Да
106908;З/части автоб (413);250738;Стекло  ветровое 103-5206010;186228;МАЗ Стекло лобовое прав.(1200х1070) МАЗ 103-5206010;Дублирующая позиция;Да
106908;З/части автоб (413);66393;Накладка передка верхняя ЛиАЗ;186564;Накладка передка верхняя ЛиАЗ;Дублирующая позиция;Да
106908;З/части автоб (413);186588;Накладка угловая передняя правая ЛиАЗ (нов.обр.);186587;Накладка угловая передняя правая ЛиАЗ (нов.обр.);Дублирующая позиция;Да
106908;З/части автоб (413);76876;Отопитель кабины водителя;186930;Отопитель кабины водителя ЛиАЗ-5292;Дублирующая позиция;Да
106908;З/части автоб (413);69685;Фонарь стоп-сигнал;187037;Патрон заднего фонаря ЛиАЗ-5292/ПАЗ-3237  481.3776;Дублирующая позиция;Да
106908;З/части автоб (413);91878;Патрубок угловой, переходной;187116;Патрубок угловой д. 16х25 5256-8120028;Дублирующая позиция;Да
106908;З/части автоб (413);187180;Патрубок угловой;187179;Патрубок угловой д. 50х150х150 на турбонадув  525625-1303123-01;Дублирующая позиция;Да
106908;З/части автоб (413);97865;Пневморессора;187365;Пневмобаллон ЛиАЗ-5256;Дублирующая позиция;Да
106908;З/части автоб (413);83564;Подшипник конический МАЗ;187510;Подшипник 2007109 МАЗ маятн рычага;Дублирующая позиция;Да
106908;З/части автоб (413);83564;Подшипник конический МАЗ;187511;Подшипник 2007109 МАЗ маятн рычага;Дублирующая позиция;Да
106908;З/части автоб (413);50578;Подшипник 7508;187570;Подшипник 7508;Дублирующая позиция;Да
106908;З/части автоб (413);50578;Подшипник 7508;187571;Подшипник 7508;Дублирующая позиция;Да
106908;З/части автоб (413);50578;Подшипник 7508;187572;Подшипник 7508;Дублирующая позиция;Да
106908;З/части автоб (413);50578;Подшипник 7508;187573;Подшипник 7508_1;Дублирующая позиция;Да
106908;З/части автоб (413);120216;Подшипник игольчатый без внутреннего кольца;187688;Подшипник КПП ЗФ;Дублирующая позиция;Да
106908;З/части автоб (413);91975;Подшипник поворотного кулака;187737;Подшипник опорный ЛиАЗ;Дублирующая позиция;Да
106908;З/части автоб (413);91975;Подшипник поворотного кулака;187742;Подшипник опорный ЛиАЗ 5256-3001020;Дублирующая позиция;Да
106908;З/части автоб (413);91975;Подшипник поворотного кулака;187743;Подшипник опорный ЛиАЗ 5256-3001020,;Дублирующая позиция;Да
106908;З/части автоб (413);75646;Подшипник ступицы задней Fiat Ducato 42х75х60;187791;Подшипник ступицы задней Фиат Дукато 42х75х60;Дублирующая позиция;Да
106908;З/части автоб (413);221336;"Предохранитель флажковый 15A ""Мини""";187941;"Предохранитель флажковый 15A ""Мини"" Фиат Дукато";Дублирующая позиция;Да
106908;З/части автоб (413);188010;Пресс-масленка, угловая на 120 градусов, D 8 мм;188009;Пресс-масленка 8мм - 120градусов;Дублирующая позиция;Да
106908;З/части автоб (413);99088;Профиль рассеивателя ЛиАЗ- 5292;188322;Профиль рассеивателя ЛиАЗ- 5292;Дублирующая позиция;Да
106908;З/части автоб (413);72288;Рем. комплект суппорта (мост ZF);188428;Р/К Нажим.Пятаки (*);Дублирующая позиция;Да
106908;З/части автоб (413);52866;"Контакт гнездовой ""мама"" 6,3 мм.";188831;"Разъем автомобильный ""мама"" большой";Дублирующая позиция;Да
106908;З/части автоб (413);44516;Рукав напорный 54 ТУ 0056016-87;189330;Рукав напорный 54 ТУ 0056016-87;Дублирующая позиция;Да
106908;З/части автоб (413);250737;Стекло  ветровое водительское 103-5206011;189773;Стекло ветровое МАЗ левое 1200х1070  103-5206011 БОР;Дублирующая позиция;Да
106908;З/части автоб (413);77645;Стекло ветровое (панорамное);189961;Стекло ЛиАЗ-52922 лобовое панорамное 5292-5206016 Жупырин;Дублирующая позиция;Да
106908;З/части автоб (413);250692;Стекло задка;189965;Стекло ЛиАЗ-529220/6213 задка;Дублирующая позиция;Да
106908;З/части автоб (413);250737;Стекло  ветровое водительское 103-5206011;189992;Стекло МАЗ ветровое левое;Дублирующая позиция;Да
106908;З/части автоб (413);250738;Стекло  ветровое 103-5206010;189993;Стекло МАЗ ветровое правое;Дублирующая позиция;Да
106908;З/части автоб (413);94560;Стеклопакет неподвижный окна под форточкой;190035;Стеклопакет ЛиАЗ-5292 подфорточный;Дублирующая позиция;Да
106908;З/части автоб (413);83587;Фонарь передний указатель поворота;190595;Указатель поворотов передн ЛиАЗ-6213, 5292;Дублирующая позиция;Да
106908;З/части автоб (413);73079;Фара противотуманная;190714;Фара противотуманная ПАЗ, ЛИАЗ  244-3743010;Дублирующая позиция;Да
106908;З/части автоб (413);83541;Фонарь габаритный боковой светодиодный 112.09.82;191145;Фонарь габаритный боковой светодиодный ЛиАЗ - 5292,6213;Дублирующая позиция;Да
106908;З/части автоб (413);83541;Фонарь габаритный боковой светодиодный 112.09.82;191148;Фонарь габаритный боковой светодиодный ЛиАЗ - 5292,6213    112.09.82 (с 2012г);Дублирующая позиция;Да
106908;З/части автоб (413);70682;Фонарь задний верхний контурный огонь (красный);191164;Фонарь габаритный ЛиАЗ-5292, 6213 задний верхний красный круглый;Дублирующая позиция;Да
106908;З/части автоб (413);83368;Фонарь передний габаритный огонь;191167;Фонарь габаритный ЛиАЗ-6213,5292 светодиод;Дублирующая позиция;Да
106908;З/части автоб (413);69684;Фонарь заднего хода;191188;Фонарь заднего хода ПАЗ/ГолАЗ/ЛиАЗ-5292 (491.3776);Дублирующая позиция;Да
106908;З/части автоб (413);69685;Фонарь стоп-сигнал;191190;"Фонарь задний ""СТОП"" ПАЗ/ГолАЗ/ЛиАЗ-5292/Волж.(481.3776)";Дублирующая позиция;Да
106908;З/части автоб (413);69685;Фонарь стоп-сигнал;191202;Фонарь задний ЛиАЗ-5292  нов. обр. круглый  481.3776 красный;Дублирующая позиция;Да
106908;З/части автоб (413);83584;Фонарь задний указателя поворота;191203;Фонарь задний ЛиАЗ-5292  нов. обр. круглый 471.3776 указатель поворотов;Дублирующая позиция;Да
106908;З/части автоб (413);69684;Фонарь заднего хода;191204;Фонарь задний ЛиАЗ-5292  нов. обр. круглый 491.3776 белый;Дублирующая позиция;Да
106908;З/части автоб (413);69685;Фонарь стоп-сигнал;191206;Фонарь задний ЛиАЗ-5292 красный;Дублирующая позиция;Да
106908;З/части автоб (413);69685;Фонарь стоп-сигнал;191208;Фонарь задний ЛиАЗ-5292 круглый  481.3776 красный-тормоза;Дублирующая позиция;Да
106908;З/части автоб (413);69684;Фонарь заднего хода;191209;Фонарь задний ЛиАЗ-5292 круглый 491.3776 белый;Дублирующая позиция;Да
106908;З/части автоб (413);69704;Фонарь габаритный задний красный;191213;Фонарь задний ЛиАЗ-5292, 5256  нов. обр. круглый  541.3731 габаритный-красный;Дублирующая позиция;Да
106908;З/части автоб (413);69704;Фонарь габаритный задний красный;191214;Фонарь задний ЛиАЗ-5292, 5256 круглый  541.3731 габаритный-красный;Дублирующая позиция;Да
106908;З/части автоб (413);69704;Фонарь габаритный задний красный;191215;Фонарь задний ЛиАЗ-5292, 5256 круглый  габаритный-красный;Дублирующая позиция;Да
106908;З/части автоб (413);83584;Фонарь задний указателя поворота;191216;Фонарь задний ЛиАЗ-5292, Голаз52511,6228 круглый 471.3776 указатель поворотов;Дублирующая позиция;Да
106908;З/части автоб (413);83854;Плафон освещения пространства у двери;191230;Фонарь освещения входной двери ЛиАЗ-5256 3012.3714;Дублирующая позиция;Да
106908;З/части автоб (413);70682;Фонарь задний верхний контурный огонь (красный);191251;Фонарь ПАЗ-3237, ЛИАЗ-5292   габаритный задний верхний красный круглый 521.3731;Дублирующая позиция;Да
106908;З/части автоб (413);69705;Фонарь передний контурный огонь (белый);191252;Фонарь ПАЗ-3237, ЛИАЗ-5292   габаритный передний верхний белый  531.3731;Дублирующая позиция;Да
106908;З/части автоб (413);69705;Фонарь передний контурный огонь (белый);191253;Фонарь ПАЗ-3237, ЛиАЗ-5292  габаритный передний верхний белый;Дублирующая позиция;Да
106908;З/части автоб (413);76210;Фонарь повторителя поворота задний верхний;191255;Фонарь ПАЗ-3237, ЛИАЗ-5292  повторитель поворотов задний верхний 611.3726;Дублирующая позиция;Да
106908;З/части автоб (413);83584;Фонарь задний указателя поворота;191257;Фонарь поворот.задн.(471.3776) ПАЗ/ГолАЗ/ЛиАЗ-5292;Дублирующая позиция;Да
106908;З/части автоб (413);98744;Фонарь боковой повторитель указателей поворота;191263;Фонарь повторитель поворотов желтый ЛиАЗ-5292 желтый овальный;Дублирующая позиция;Да
106908;З/части автоб (413);76210;Фонарь повторителя поворота задний верхний;191269;Фонарь повторитель указателя поворотов ЛиАЗ-5292, ПАЗ-3237 задний верхний;Дублирующая позиция;Да
106908;З/части автоб (413);76953;Фонарь указатель поворотов передний;191280;Фонарь указатель поворотов передний светодиодный (комб) ПАЗ-3237,ЛиАЗ-5292,6213;Дублирующая позиция;Да
106908;З/части автоб (413);227727;Шланг компрессора;191860;Шланг компрессора ЛиАЗ 5292 (длина 400 мм, гайка 32);Дублирующая позиция;Да
106908;З/части автоб (413);191897;Шланг компрессора;191861;Шланг компрессора ЛиАЗ 5292 (длина 520 мм, гайка 32);Дублирующая позиция;Да
106908;З/части автоб (413);191897;Шланг компрессора;191862;Шланг компрессора ЛиАЗ 5292 (длина 520 мм, гайка 32);Дублирующая позиция;Да
106908;З/части автоб (413);227727;Шланг компрессора;191893;Шланг компрессора ЛиАЗ-5292-3506352-01 (гайка 32, L-440мм)  t-204  высокотемпературный дв. Cummins;Дублирующая позиция;Да
106908;З/части автоб (413);227727;Шланг компрессора;191894;Шланг компрессора ЛиАЗ-5292.20-3506352-01с дв. МАН (32(45гр)-гайка 32, L400),  высокот. (3.13)(10358;Дублирующая позиция;Да
106908;З/части автоб (413);227727;Шланг компрессора;191895;Шланг компрессора ЛиАЗ-5292.20-3506352-01с дв. МАН (32(45гр)-гайка 32, L400),  высокот. (3.13)(10358;Дублирующая позиция;Да
106908;З/части автоб (413);227727;Шланг компрессора;191896;Шланг компрессора ЛиАЗ-5292.20-3506352-01с дв. МАН (32(45гр)-гайка 32, L400),  высокот. (3.13)(10358;Дублирующая позиция;Да
106908;З/части автоб (413);240997;Лампа 24V70 H7;218605;Лампа 24V70(24Vx70) (H7);Дублирующая позиция;Да
106908;З/части автоб (413);85166;Стекло подвижное  водителя 101-5403052;223748;Стекло МАЗ окна водителя подвижное;Дублирующая позиция;Да
106908;З/части автоб (413);94563;Стеклопакет верхний;223842;Стеклопакет ЛиАЗ-5292, 6213 водительский верхний;Дублирующая позиция;Да
106909;З/части эл транспорта (414);235450;Рассеиватель широкий белый;234485;Рассеиватель широкий белый ФП-117-204;Дублирующая позиция;Да
106909;З/части эл транспорта (414);76718;Световозвращатель кр. ФП 310Е 3731-01;233539;Световозвращатель кр.ФП 310.Е 3731-01;Дублирующая позиция;Да
106909;З/части эл транспорта (414);59111;Стекло кабины водителя подвижное 71-619А 619К.37.00.016;192312;СТЕКЛО 619К 37 00 016;Дублирующая позиция;Да
106909;З/части эл транспорта (414);77970;Стекло лобовое 71-619А;192318;СТЕКЛО 619К 37.37.00.033;Дублирующая позиция;Да
106909;З/части эл транспорта (414);79165;Стекло панорам.АКСМ/БКМ 321-130700.021;192354;СТЕКЛО ВЕТР АКСМ 321-130700.021 ПОСЛЕ 2009Г;Дублирующая позиция;Да
106909;З/части эл транспорта (414);77970;Стекло лобовое 71-619А;192388;СТЕКЛО КАБИН ЛОБ 619К 37 00 033;Дублирующая позиция;Да
106909;З/части эл транспорта (414);237983;Стекло ветровое МАС-Т.082.000;192410;СТЕКЛО ПАНОРАМ ВМЗ-5298 МАС-Т082-000;Дублирующая позиция;Да
106909;З/части эл транспорта (414);237983;Стекло ветровое МАС-Т.082.000;192411;СТЕКЛО ПАНОРАМ ВМЗ-5298 МАС-Т082-000;Дублирующая позиция;Да
106909;З/части эл транспорта (414);81522;Сальник задн.моста 155х190х17;231560;Сальник 155х190х17;Дублирующая позиция;Да
106909;З/части эл транспорта (414);80769;Втулка;233053;Втулка 663714;Дублирующая позиция;Да
106914;Консигнационные товары (2);67586;Подшипник шариковый;196557;ПОДШИПНИК 6207;Дублирующая позиция;Да
106914;Консигнационные товары (2);72544;Подшипник  6304;196579;ПОДШИПНИК 6304;Дублирующая позиция;Да
106914;Консигнационные товары (2);50578;Подшипник 7508;196618;ПОДШИПНИК 7508;Дублирующая позиция;Да
106914;Консигнационные товары (2);50578;Подшипник 7508;196619;ПОДШИПНИК 7508_1;Дублирующая позиция;Да
106914;Консигнационные товары (2);55035;Подшипник 7520;196630;ПОДШИПНИК 7520;Дублирующая позиция;Да
106914;Консигнационные товары (2);55035;Подшипник 7520;196631;ПОДШИПНИК 7520_1;Дублирующая позиция;Да
106914;Консигнационные товары (2);52932;Подшипник 80207;196668;ПОДШИПНИК 80207;Дублирующая позиция;Да
106915;Корпоративная одежда (412);262746;РУБАШКА ЖЕН ПОВС Д/Р 112-116 ,182-188;262747;РУБАШКА ЖЕН ПОВС Д/Р 112-116 ,182-188;Дублирующая позиция;Да
106915;Корпоративная одежда (412);43982;Рубашка жен. парад. к/р 52-54,182-188;262696;РУБАШКА ЖЕН ПАРАД К/Р 52-54,182-188;Дублирующая позиция;Да
106915;Корпоративная одежда (412);44014;Рубашка жен. парад. к/р 60-62,170-176;262695;РУБАШКА ЖЕН ПАРАД К/Р 60-62,170-176;Дублирующая позиция;Да
106915;Корпоративная одежда (412);43998;Рубашка жен. парад.к/р 40-42/158-164;262754;РУБАШКА ЖЕН ПАРАД К/Р 40-42,158-164;Дублирующая позиция;Да
106915;Корпоративная одежда (412);198598;РУБАШКА МУЖ ПАРАД Д/Р 42,158-164;198599;РУБАШКА МУЖ ПАРАД Д/Р 42,158-164_1;Дублирующая позиция;Да
106915;Корпоративная одежда (412);43978;Рубашка жен. парад. к/р 48-50/170-176;262692;РУБАШКА ЖЕН ПАРАД К/Р 48-50,170-176;Дублирующая позиция;Да
106916;Масла (1033);104284;"Смазка ""Литол 24""";199012;СМАЗКА ЛИТОЛ-24;Дублирующая позиция;Да
106927;Ремонтные материалы (1013);55305;Подшипник 1210;201510;ПОДШИПНИК 1210;Дублирующая позиция;Да
106932;Товары (411);22848;Кабель КГ 4х1,5;203254;КАБЕЛЬ КГ 4Х1,5;Дублирующая позиция;Да
106932;Товары (411);55305;Подшипник 1210;204356;ПОДШИПНИК 1210;Дублирующая позиция;Да
106932;Товары (411);50929;Подшипник шариковый;204416;ПОДШИПНИК 212;Дублирующая позиция;Да
106932;Товары (411);48574;Подшипник конический;204478;ПОДШИПНИК 7208;Дублирующая позиция;Да
106932;Товары (411);50578;Подшипник 7508;204494;ПОДШИПНИК 7508;Дублирующая позиция;Да
106932;Товары (411);55035;Подшипник 7520;204503;ПОДШИПНИК 7520;Дублирующая позиция;Да
106932;Товары (411);55048;Подшипник шарнирный двери;204565;ПОДШИПНИК ШСП 15;Дублирующая позиция;Да
106937;Электрика (1018);18840;Провод ПУГНП 2х1,5;207250;ПРОВОД ПУГНП 2Х1.5;Дублирующая позиция;Да
106948;Материалы склада Сколково счет учета 10,02;91979;Втулка шкворня кулака (сталь) ЛИАЗ;127267;Втулка распор.стал.шквор.5256-3001027;Дублирующая позиция;Да
259819;Покупные комплектующие;237704;Катушка магнитная;260255;605.15.12.000-01 Катушка;Дублирующая позиция;Да
